8419,10
21188,10
15443,10
5952,10
28213,10
21072,10
22286,10
11089,10
5118,10
17390,10
16807,10
21344,10
15175,10
15044,10
21167,10
10647,10
5470,10
11666,10
32603,10
21797,10
24097,10
25508,10
27270,10
1117,10
7124,10
26734,10
17020,10
12698,11
30392,11
33536,11
17811,11
26382,11
26586,11
22290,11
5642,11
8962,11
2486,11
13141,11
4084,11
13989,11
27908,11
1891,11
23872,11
4158,11
16901,11
24634,11
2664,11
29294,11
10410,11
5931,11
31874,11
22274,11
15039,11
14689,11
12482,11
9132,12
9982,12
5745,12
25829,12
18919,12
8244,12
22523,12
13948,12
26544,12
12502,12
8539,12
14472,12
11533,12
32212,12
16595,12
11541,12
3161,12
7010,12
3036,12
25904,12
13548,12
21301,12
10653,12
8697,12
19949,13
27443,13
19790,13
24422,13
23379,13
10701,13
24098,13
3665,13
8556,13
31776,13
19220,13
3964,13
8840,13
21816,13
16526,13
28617,13
12083,13
30291,13
8373,14
19202,14
9299,14
7318,14
2729,14
26111,14
10901,14
8363,14
23352,14
4900,14
23819,14
29603,14
8599,14
24186,14
370,14
25887,14
311,14
6880,14
9645,14
5372,14
17675,14
183,14
13234,14
21421,14
17072,14
7802,14
17338,14
2810,14
676,14
30216,14
29757,14
26365,14
1239,14
7119,15
31398,15
4923,15
13871,15
3922,15
28328,15
1732,15
21131,15
30913,15
20688,15
2880,15
2164,15
11526,15
26278,15
30539,15
27367,15
31210,15
28842,15
15284,15
18006,15
24797,16
9069,16
28985,16
20667,16
13057,16
31052,16
813,16
28983,16
9280,16
23705,16
28153,16
23757,16
13377,16
19023,16
31407,16
32607,16
29070,16
14729,16
24180,16
14846,16
23334,16
26631,16
28885,16
31613,16
22201,16
8047,16
18955,16
32700,17
26199,17
8767,17
788,17
24490,17
33546,17
10130,17
29989,17
1540,17
8168,17
8304,17
18457,17
11590,17
5562,17
22902,17
22091,17
12266,17
20051,17
1903,18
3987,18
17265,18
8116,18
12436,18
10138,18
11264,18
23938,18
17808,18
15429,18
8289,18
33366,18
31819,18
934,18
15711,18
5206,18
391,18
14432,18
7703,18
17364,18
12393,18
18445,18
3809,18
15260,19
9754,19
69,19
31927,19
3415,19
7922,19
18060,19
22952,19
25423,19
3806,19
8263,19
25530,19
4753,19
32054,19
28790,19
17858,19
32609,19
22573,19
384,19
7528,19
21385,19
18644,19
23814,19
8598,19
6687,19
6192,20
32579,20
32618,20
11496,20
27461,20
20445,20
33466,20
30505,20
20311,20
9536,20
27170,20
13202,20
31054,20
9907,20
6237,20
11872,20
1141,20
3826,20
31908,20
16227,21
8955,21
29410,21
2073,21
20008,21
16371,21
13811,21
8712,21
18099,21
8051,21
20221,21
5522,21
31145,21
29854,21
2362,21
12474,21
13358,21
5186,21
6587,21
23677,21
16920,22
17750,22
26661,22
4888,22
14282,22
1860,22
28976,22
12980,22
5910,22
6693,22
6000,22
25119,22
18530,22
15148,22
14242,22
28608,22
4868,22
25322,22
389,23
29839,23
24157,23
6616,23
938,23
20089,23
22867,23
26632,23
6604,23
17034,23
31906,23
16085,23
25436,23
2807,23
22104,24
10700,24
13421,24
19408,24
26605,24
5104,24
17221,24
4170,24
13371,24
8130,24
11411,24
18287,24
27067,24
5181,24
26283,24
19845,24
23758,24
29525,24
16264,24
28445,24
19414,24
28333,24
2788,24
14131,24
10949,24
12926,24
33009,25
14978,25
33144,25
7037,25
12964,25
20758,25
11791,25
13957,25
3708,25
6966,25
20843,25
21561,25
28707,25
7254,25
21708,25
11419,25
19009,25
13320,25
20762,25
26231,25
10356,26
30998,26
29952,26
22872,26
15132,26
32451,26
28672,26
7227,26
17155,26
32008,26
9602,26
14664,26
25227,26
17038,26
6460,26
5883,26
9791,26
13431,26
25701,26
4940,26
22266,26
17184,26
11703,26
16316,26
6454,26
5900,26
31396,26
3135,27
25219,27
2046,27
12419,27
28879,27
20484,27
23003,27
18190,27
13122,27
10215,27
20835,27
23966,27
16022,27
19536,27
7377,27
29638,27
24819,27
8523,27
709,27
10030,27
33361,27
21891,27
5988,27
31640,28
22192,28
32823,28
6727,28
24494,28
19995,28
26197,28
15994,28
2072,28
16859,28
8319,28
4994,28
27008,28
32677,28
7720,28
2106,28
7857,28
20139,28
6850,28
12484,28
17817,28
28037,28
5226,28
6116,28
29859,28
20666,28
18423,29
20543,29
25007,29
1504,29
27599,29
24834,29
20822,29
14831,29
8294,29
13176,29
30297,29
14656,29
16916,29
28575,29
21716,29
14081,29
32569,29
31983,29
11532,29
25614,29
22633,29
31582,29
16467,29
11410,29
11502,29
4665,30
29540,30
16698,30
12892,30
14096,30
31596,30
612,30
31744,30
195,30
17463,30
1494,30
3423,30
22206,30
18026,30
4421,30
9288,30
25371,30
26144,30
1045,30
21866,30
2629,30
27939,30
5262,30
30305,30
21746,30
4457,30
19897,31
20070,31
17575,31
33123,31
2690,31
11802,31
7201,31
929,31
8249,31
27027,31
15198,31
2878,31
3782,31
10958,31
11226,32
3808,32
25541,32
32129,32
22299,32
29501,32
21607,32
7326,32
16003,32
16415,32
3286,32
4077,32
8126,32
30542,32
29099,32
32174,32
30453,32
21624,32
26676,32
19489,32
6968,32
15440,32
7100,33
1197,33
8385,33
19259,33
1900,33
21402,33
19071,33
8296,33
31768,33
31760,33
14172,33
25538,33
32035,33
26947,33
24443,33
19699,33
18257,33
31972,33
20624,33
11170,33
25338,33
4727,33
31521,33
15931,33
27824,33
10064,33
23980,34
26963,34
27347,34
5625,34
29789,34
9283,34
2367,34
18478,34
28501,34
16137,34
9635,34
19827,34
5190,34
757,34
19184,34
2641,34
23544,34
2897,34
3462,34
4537,34
4160,34
4498,34
25919,34
20161,34
4582,34
17360,34
11640,35
29016,35
13769,35
33539,35
28480,35
2074,35
32425,35
33355,35
10654,35
1520,35
32111,35
15594,35
22765,35
29343,36
27730,36
15693,36
25414,36
13204,36
27321,36
23027,36
18215,36
11449,36
17632,36
18338,36
15367,36
29548,36
25720,36
10678,36
25809,36
18814,36
16321,36
20220,36
7772,36
18261,36
13199,36
1547,36
3719,36
23074,36
25765,36
24404,37
8227,37
26009,37
9693,37
23733,37
2611,37
5415,37
16886,37
32297,37
6493,37
20850,37
13120,37
15235,37
20158,37
25719,37
14559,37
6660,37
26984,38
14425,38
8015,38
7077,38
4546,38
16304,38
13283,38
32304,38
5398,38
29326,38
20991,38
16741,38
21565,38
33603,38
6222,38
8305,38
12712,38
5751,38
6592,39
4046,39
2491,39
27516,39
11184,39
24337,39
551,39
11204,39
23069,39
20912,39
22531,39
6825,39
11156,39
4388,39
1390,39
8792,39
28738,39
16324,39
24505,39
16032,39
20603,39
7958,39
23812,39
29485,39
13794,40
19085,40
30615,40
5549,40
20030,40
6734,40
27550,40
7210,40
8923,40
3405,40
29585,40
9047,40
20779,40
13534,41
15922,41
12619,41
3142,41
10724,41
29800,41
15837,41
10956,41
15114,41
18686,41
26646,41
13610,41
1575,41
22724,41
27228,41
27678,41
19217,41
25138,41
3390,41
13754,41
16116,41
21250,41
25206,41
23412,41
10755,41
9666,41
13049,42
2230,42
15134,42
26928,42
10818,42
28439,42
1827,42
5442,42
13985,42
28871,42
13698,42
21508,42
4921,43
23608,43
1407,43
943,43
3543,43
12783,43
28745,43
4797,43
95,43
32877,43
23087,43
10575,43
19178,43
18661,43
16366,43
14246,43
23139,43
28474,43
1405,43
29852,44
29076,44
6650,44
12682,44
17337,44
16047,44
9080,44
22870,44
31987,44
16044,44
9882,44
25150,44
5330,44
9481,44
15815,44
29303,44
9681,44
31328,44
6048,44
8451,44
3019,45
16154,45
26188,45
10145,45
6830,45
17788,45
27141,45
10650,45
31735,45
10859,45
10534,45
29258,45
7781,45
1960,45
1428,45
19591,45
21806,45
22641,45
18770,45
30930,45
6261,45
24159,45
21613,45
10825,45
7533,45
1131,45
6291,45
1733,45
11081,46
3317,46
16435,46
33195,46
28131,46
19186,46
30004,46
33595,46
26525,46
9948,46
16402,46
38,46
12438,46
11735,46
17440,46
28031,46
17784,46
23300,46
22514,46
30250,46
13296,46
6444,47
24154,47
26943,47
1916,47
2764,47
21870,47
17744,47
19804,47
24555,47
5001,47
16045,47
188,47
24141,47
29753,47
4643,47
27442,47
11800,47
8493,47
11227,47
20241,47
16889,47
32852,48
12996,48
32659,48
12196,48
2277,48
27165,48
12833,48
28784,48
26862,48
27079,48
24055,48
6793,48
12008,48
8723,48
482,48
66,49
29822,49
5364,49
13973,49
24382,49
18957,49
26912,49
10341,49
6190,49
22089,49
18590,49
25544,49
26518,49
32051,49
159,49
32364,49
27758,49
25978,49
30583,49
31748,49
5822,49
364,49
26407,49
8501,50
3641,50
24589,50
25218,50
24975,50
7122,50
13003,50
13157,50
20588,50
19218,50
4910,50
32050,50
5111,50
23904,50
32087,50
22143,50
25133,50
1292,50
26398,50
17326,50
6403,50
5172,51
4564,51
29920,51
27652,51
7106,51
30673,51
14347,51
31269,51
11096,51
20771,51
9581,51
30281,51
19383,51
16259,51
2684,51
27208,51
84,51
12585,51
3983,51
5958,51
15938,51
6993,51
25050,52
19999,52
29634,52
30189,52
4845,52
25916,52
28687,52
17300,52
17370,52
30084,52
30989,52
8138,52
33647,52
26711,52
18483,52
33250,52
15293,52
29605,52
23410,52
8400,52
11844,52
20049,52
16778,52
12647,52
19114,52
21045,53
31082,53
25818,53
4405,53
8901,53
9440,53
10892,53
24183,53
119,53
16428,53
18018,53
24720,53
5886,53
4371,53
24718,53
8320,53
9351,53
21954,53
27467,53
30009,53
5739,53
10796,53
9373,53
27407,53
22447,53
4993,53
9429,53
7226,53
815,53
23833,54
13338,54
11495,54
4286,54
419,54
31689,54
85,54
31816,54
19054,54
10684,54
9542,54
5551,54
26210,54
6828,54
14367,54
20240,54
5164,55
13909,55
28036,55
17666,55
17009,55
9392,55
15265,55
30565,55
1246,55
22657,55
18339,55
28640,55
9875,55
9117,55
31386,55
9330,55
29874,55
5891,55
14446,55
21442,55
26849,55
13111,55
24955,56
26813,56
21319,56
5571,56
2265,56
24155,56
20851,56
21438,56
21671,56
7678,56
25308,56
11647,56
9826,56
6331,56
30008,56
21887,56
566,56
4137,56
22418,56
3310,56
4557,57
687,57
18056,57
15771,57
4748,57
29796,57
4468,57
32930,57
6148,57
21819,57
19704,57
28997,57
25901,57
28800,57
10826,57
21689,57
21966,57
25330,57
12161,57
31844,57
986,57
13447,57
33645,57
28380,57
14982,58
27571,58
19640,58
10228,58
6344,58
25201,58
15152,58
17371,58
17757,58
23734,58
28197,58
11358,58
5985,58
28931,58
23685,58
29134,58
20029,58
32771,58
20342,58
27045,58
9137,59
22426,59
11531,59
24920,59
26681,59
22832,59
20790,59
187,59
16092,59
383,59
2863,59
15995,59
23503,59
4837,59
9254,59
26399,59
30058,59
27339,60
21531,60
13184,60
15672,60
17407,60
7659,60
21488,60
31346,60
9522,60
26752,60
13082,60
8098,60
10459,60
26825,60
234,60
9010,60
18952,60
20266,60
2887,61
3561,61
14545,61
6895,61
18427,61
10649,61
13035,61
9554,61
32427,61
9011,61
12806,61
16716,61
13887,61
3682,61
20231,61
27355,61
9048,61
2328,61
8628,61
23475,61
9296,61
6495,61
20057,61
29479,61
30687,62
10361,62
18117,62
134,62
7995,62
32273,62
26124,62
26634,62
13118,62
28769,62
5504,62
12376,62
30416,62
8623,62
4416,62
15154,62
25860,62
6141,62
17242,63
24140,63
7146,63
8641,63
33459,63
6677,63
6203,63
2411,63
15112,63
32896,63
25222,63
24429,63
8918,63
16399,63
19624,63
6785,63
32270,63
17621,63
19977,63
31079,63
12000,63
4506,63
8482,63
32229,64
29970,64
510,64
2252,64
8439,64
13169,64
2419,64
2361,64
26462,64
832,64
15632,64
15854,64
8781,64
1618,64
10986,64
32183,64
1216,64
5790,64
7843,64
1761,64
6955,64
27009,64
1693,64
23769,64
5734,64
10710,64
8842,64
32900,64
31442,64
6945,64
30672,64
17520,64
23423,64
25070,65
33011,65
27396,65
21497,65
12915,65
22499,65
30836,65
6897,65
6565,65
6410,65
16499,65
13801,65
9046,65
16049,65
23748,65
2977,65
15087,65
19572,65
14922,65
12371,65
10407,65
15780,65
1054,65
32806,65
13029,65
3813,66
19793,66
9945,66
29154,66
19619,66
7193,66
10460,66
1154,66
24458,66
15043,66
13818,66
19605,66
27501,66
22284,66
15691,66
6662,66
20290,66
21652,66
3100,66
7651,66
12029,66
23844,67
33540,67
10349,67
6075,67
22005,67
14598,67
12561,67
15211,67
17485,67
31662,67
2970,67
8161,67
14008,67
27324,67
6107,67
23493,67
21997,67
527,68
18418,68
29316,68
2128,68
17894,68
2156,68
11474,68
30408,68
19279,68
30788,68
27632,68
31091,68
1320,68
22241,68
26416,69
10685,69
10775,69
3976,69
1243,69
32180,69
24418,69
2990,69
33203,69
33495,69
7082,69
18498,69
5033,69
2063,69
26976,69
25476,69
14318,69
10415,69
1513,70
22973,70
15610,70
6967,70
23507,70
6909,70
25980,70
1854,70
10580,70
17738,70
4906,70
22960,70
22137,70
31451,70
17715,70
10904,70
21721,70
24512,70
1850,70
30174,70
422,70
14060,70
10382,70
19745,70
26951,70
5005,70
1301,70
19089,71
27596,71
7385,71
24765,71
15091,71
26930,71
15349,71
2967,71
7218,71
19386,71
23539,71
17491,71
29114,71
22601,71
33167,71
9193,71
26052,71
22078,71
1337,71
20817,71
10589,71
3676,72
28600,72
29612,72
12961,72
15927,72
22512,72
25694,72
8701,72
8809,72
23183,72
11734,72
28542,72
28797,72
20584,72
16484,72
793,72
4992,72
25106,72
15608,72
6595,72
19610,72
17190,72
13599,73
9871,73
25181,73
23655,73
18325,73
7123,73
10660,73
953,73
10156,73
21795,73
31014,73
10387,73
21006,73
20109,73
30739,73
23764,73
28889,73
1366,73
21391,73
21216,73
12898,73
16119,73
16486,74
31018,74
16831,74
6211,74
29446,74
31920,74
13541,74
1825,74
22910,74
10224,74
25702,74
21569,74
8478,74
29711,74
17847,74
18381,74
29690,74
31271,74
12320,74
4809,74
30379,74
3637,74
21420,74
16865,74
11667,74
5459,74
23754,74
25104,74
2135,74
3433,74
23224,74
316,74
8917,74
25466,74
23338,74
8380,74
15037,75
57,75
16663,75
1042,75
25398,75
27895,75
2666,75
12417,75
19456,75
29249,75
22882,75
8095,75
3773,75
18961,75
22729,75
32836,75
7661,75
12565,75
30186,75
10324,75
18771,75
5382,75
24259,75
11862,75
27272,75
11704,76
2363,76
2530,76
13112,76
20283,76
6059,76
31623,76
9655,76
2542,76
17552,76
29135,76
14929,76
14800,76
19964,76
25416,76
22288,76
17967,76
10531,76
15639,76
25378,76
28908,76
26461,76
24152,76
31998,76
3785,76
6182,76
29682,77
8535,77
28049,77
8209,77
7442,77
23834,77
28854,77
30845,77
26102,77
9405,77
17071,77
20514,77
2445,77
761,77
21309,77
31721,77
26311,77
8124,77
12119,77
1132,77
2055,77
25382,77
11383,77
26091,77
16633,77
32778,77
8367,78
1840,78
23368,78
30414,78
11740,78
11912,78
17627,78
19706,78
18304,78
27741,78
25292,78
33124,78
23285,78
27087,78
5792,78
23266,78
6811,78
24932,78
6378,78
10365,78
455,78
22194,78
24547,78
28242,78
17793,78
30444,78
11888,78
23486,79
15299,79
29010,79
31669,79
26431,79
19261,79
26944,79
3264,79
33198,79
31316,79
26991,79
20523,79
26604,79
6670,79
29830,79
4115,79
33674,79
9453,79
12538,79
28303,79
14765,79
3126,79
31401,79
30796,79
1409,79
17797,79
16732,79
7333,79
17159,80
24604,80
4959,80
5463,80
32484,80
6013,80
9376,80
8710,80
13087,80
9770,80
1863,80
1475,80
3085,80
3496,80
26001,80
23387,80
19883,80
2998,80
11603,81
14570,81
23586,81
1714,81
16248,81
29225,81
33430,81
2883,81
11433,81
2741,81
11261,81
24665,81
29727,81
15228,81
20980,81
31530,81
29738,82
6402,82
26273,82
31562,82
9559,82
18496,82
5875,82
5231,82
16074,82
33642,82
22576,82
175,82
2085,82
10994,82
31828,82
12923,82
17496,82
30129,82
18843,82
29672,82
2334,82
1303,82
23913,82
24514,82
10307,82
25753,82
18477,83
18990,83
5417,83
23551,83
21726,83
14049,83
31405,83
29122,83
23851,83
25963,83
10007,83
10277,83
22480,83
10012,83
13126,83
12352,83
19615,83
14030,83
321,83
26821,83
13207,83
567,83
8325,83
26524,83
7367,83
33095,83
7893,83
19372,83
11528,83
12678,84
25593,84
3957,84
10728,84
32053,84
12759,84
30222,84
1978,84
6873,84
711,84
21282,84
16725,84
14151,84
29594,84
22026,84
19325,84
32165,84
20710,84
31749,84
30851,84
23346,84
10087,84
30359,85
1338,85
22891,85
16237,85
1998,85
26745,85
10812,85
19691,85
8763,85
17681,85
13841,85
6868,85
11007,85
8448,85
13413,86
4907,86
7662,86
18877,86
9950,86
11524,86
21739,86
2761,86
10925,86
9746,86
5529,86
29542,86
4976,86
28393,86
10364,86
2051,86
23129,86
26448,86
29509,86
25098,87
5945,87
10037,87
5315,87
24334,87
25748,87
24454,87
18908,87
12757,87
30205,87
23015,87
18972,87
20077,87
27415,87
8846,87
11932,87
102,87
11015,87
16943,87
6194,87
6709,87
28135,87
16310,87
4211,87
20537,88
377,88
20756,88
24480,88
22596,88
15136,88
14357,88
32726,88
6161,88
19976,88
18614,88
16984,88
5655,88
13715,88
28867,88
23843,88
33295,88
32488,88
31449,88
10256,88
26339,89
28050,89
10006,89
13904,89
21636,89
19223,89
5678,89
9202,89
13608,89
3176,89
6881,89
32876,89
29275,89
200,89
20662,89
6482,89
1518,89
13404,89
32259,89
24005,89
32542,89
4329,89
25418,89
14985,89
32222,89
12705,89
30683,90
1766,90
29138,90
25674,90
23533,90
3839,90
12207,90
4528,90
7860,90
32407,90
6122,90
7051,90
16635,90
4301,90
4167,90
22110,90
4511,90
32325,91
5837,91
21317,91
18675,91
3474,91
9195,91
5728,91
21706,91
24442,91
31081,91
20489,91
18465,91
7324,91
26863,91
9742,91
26778,91
16429,91
23200,91
1879,91
28274,91
33193,91
31756,91
5828,91
13288,91
17156,91
14571,91
13914,91
1988,91
31084,91
15329,91
23712,91
24911,91
1637,92
14562,92
6337,92
8896,92
20151,92
17387,92
32461,92
24714,92
13276,92
8266,92
23234,92
17305,92
25558,92
11548,92
19571,92
5941,92
10774,92
4179,92
4437,92
6824,92
33407,92
31767,92
12171,92
22107,92
5126,93
33354,93
32388,93
21133,93
6845,93
242,93
30856,93
11409,93
4514,93
28099,93
3804,93
7047,93
3243,93
28525,93
15618,93
25516,93
21267,93
4127,93
22260,93
3854,93
18761,93
21009,93
654,93
4874,93
31995,93
21215,93
25384,93
512,93
6826,93
18292,93
30347,93
7166,93
23925,94
23763,94
31911,94
11555,94
29902,94
1880,94
2736,94
12894,94
20755,94
10880,94
9170,94
8392,94
5433,94
5000,94
22766,94
28606,94
19915,94
6674,94
7673,94
16285,94
33397,94
27139,94
17840,95
18711,95
28272,95
13031,95
4383,95
8099,95
14100,95
14070,95
18062,95
26292,95
19778,95
22563,95
24274,95
30415,95
26252,95
9190,95
15220,95
28713,95
22337,96
12190,96
15856,96
27943,96
20216,96
30252,96
26078,96
10813,96
12857,96
13494,96
3304,96
23409,96
24696,96
9507,96
26948,97
16935,97
15130,97
27636,97
16966,97
18412,97
28120,97
7182,97
8342,97
19936,97
21132,97
33527,97
3733,97
30006,97
5193,97
2090,97
22984,97
2518,97
32320,97
24601,97
3299,97
32446,98
21938,98
25068,98
26626,98
1295,98
26610,98
31262,98
7174,98
21427,98
13503,98
12807,98
32842,98
9757,98
4166,98
29745,98
16758,98
15605,98
25882,98
252,98
10388,98
10874,98
23665,98
24083,98
31898,98
1522,98
18017,98
14921,99
12737,99
22070,99
24302,99
20369,99
12921,99
1759,99
9762,99
10250,99
2888,99
9998,99
21103,99
2206,99
19620,99
17767,99
29520,99
25559,99
15627,99
24039,99
8581,99
6149,99
746,99
15822,99
26883,99
19722,99
23816,99
266,99
11929,99
4184,99
7905,99
31321,99
32069,99
12226,100
9418,100
3399,100
8838,100
19380,100
25966,100
16790,100
17168,100
8699,100
21632,100
19633,100
20418,100
13059,100
19858,100
27881,100
32187,100
15021,100
9890,100
8378,100
5023,100
29210,100
25025,101
8779,101
23659,101
30362,101
22687,101
27540,101
24093,101
30720,101
3437,101
10325,101
31361,101
14459,101
19027,101
1541,101
20529,101
13050,101
4691,101
1830,101
25589,101
17087,101
22522,101
14428,101
22235,101
15244,101
19886,101
6189,101
1425,101
27403,101
20872,102
33089,102
16628,102
2182,102
13479,102
12631,102
14515,102
9238,102
3501,102
4207,102
4014,102
4412,102
3801,102
11341,102
20338,102
4565,102
22850,102
21426,102
11302,102
24105,102
5235,102
19537,102
26755,102
28461,102
23864,102
24353,102
15218,102
27014,102
13580,102
4593,102
4555,102
23284,102
28108,103
7003,103
20875,103
3018,103
3249,103
12126,103
18963,103
4277,103
881,103
22164,103
7202,103
9667,103
28252,103
20041,103
18398,103
10713,103
9111,103
12490,103
29189,103
6136,103
11049,103
29573,103
26829,103
1467,103
13656,103
25990,103
4556,103
19587,104
33334,104
32874,104
31656,104
12263,104
1937,104
20663,104
3914,104
24366,104
15593,104
16699,104
6834,104
33637,104
15196,104
23179,104
24329,104
29611,104
9590,104
24419,104
15168,104
4869,104
3212,104
16771,104
13024,104
24521,104
27108,104
7769,104
4744,104
20622,104
8423,104
6294,104
13509,105
2370,105
16146,105
5680,105
31005,105
28669,105
292,105
17654,105
3298,105
2,105
13428,105
30602,105
16680,105
32776,105
11893,105
31135,105
2543,105
29251,105
18733,105
3402,105
22789,106
25274,106
26823,106
15486,106
15727,106
29546,106
28021,106
12741,106
1148,106
8930,106
4904,106
16307,106
33380,106
5344,106
18118,106
4773,106
19650,106
1544,106
13993,106
17742,106
1657,106
23208,106
19974,106
17548,106
2891,106
15133,106
15421,106
30435,106
18363,106
31231,106
15410,106
30873,106
31349,106
22691,107
24070,107
32029,107
5139,107
8864,107
24225,107
4774,107
13022,107
20682,107
22209,107
14728,107
33560,107
32522,107
23978,107
15016,107
18978,107
24846,107
23524,107
6295,108
6491,108
5567,108
5960,108
7063,108
2958,108
23952,108
4151,108
12403,108
19707,108
8676,108
22648,108
31954,108
18773,108
21177,108
6011,108
13780,108
18947,108
24411,108
26476,108
25352,109
17446,109
11711,109
25278,109
11624,109
6684,109
29083,109
19008,109
12735,109
11351,109
16826,109
20376,109
9984,109
31099,109
8391,109
25929,109
4766,109
2904,109
674,109
13448,109
6377,109
17399,110
13791,110
32391,110
23696,110
14129,110
16010,110
3171,110
18269,110
19,110
15524,110
16519,110
11871,110
4251,110
18059,110
31616,110
7739,110
20984,110
6459,110
11851,110
30660,110
23900,110
16906,110
10815,110
8178,111
18288,111
24248,111
32450,111
16444,111
9586,111
12272,111
6782,111
30312,111
24650,111
9918,111
33147,111
4740,111
3894,111
25767,111
2784,111
21087,111
17949,111
10257,111
8190,111
4218,111
18385,111
5798,111
18680,112
31766,112
19324,112
33059,112
3403,112
14154,112
21687,112
7414,112
23710,112
13828,112
18499,112
22540,112
26304,112
4427,112
21608,112
29994,112
7910,112
4527,112
4999,112
8673,112
15488,112
22640,112
27608,112
18489,113
26818,113
19639,113
31493,113
17380,113
15243,113
17657,113
12344,113
22863,113
4013,113
147,113
10402,113
24192,113
15275,113
24884,113
88,113
2321,113
33498,113
14139,113
29755,113
14062,113
13515,113
17295,113
10093,113
9186,113
25688,113
26726,113
2045,114
6002,114
15280,114
29389,114
20565,114
33717,114
5180,114
16294,114
18599,114
29670,114
543,114
10895,114
28203,114
16535,114
24775,114
20852,114
20722,114
19241,114
19994,114
23960,114
30337,114
14710,114
21136,115
2954,115
18453,115
12778,115
19072,115
11147,115
31699,115
16086,115
11371,115
4104,115
18547,115
20951,115
26672,115
8287,115
28971,115
2557,115
16382,115
9109,115
23793,115
21298,115
4330,115
25491,115
26025,115
17755,115
25766,116
22161,116
859,116
29429,116
12801,116
16832,116
26162,116
28546,116
18899,116
26171,116
31931,116
13951,116
3283,116
16187,116
2091,116
9294,116
28119,116
4067,116
3759,116
12105,116
23651,116
20913,116
13206,116
26977,116
20180,116
14893,116
32962,116
13662,116
20278,116
13592,116
20813,116
1758,117
15963,117
16994,117
31359,117
31926,117
10457,117
15242,117
13860,117
26481,117
27693,117
16523,117
7107,117
17603,117
1280,117
9256,117
18706,117
2803,117
2996,117
4364,117
5114,117
4178,118
29382,118
13138,118
11350,118
19011,118
31440,118
24218,118
2144,118
20325,118
20888,118
670,118
7890,118
17678,118
30967,118
2132,118
9823,118
26393,118
19137,118
29200,118
12185,118
7233,118
5209,118
2241,118
3394,118
4499,118
19235,118
21223,118
17271,119
27189,119
17016,119
1266,119
23420,119
16662,119
16335,119
22755,119
12242,119
4912,119
33066,119
11845,119
32694,119
21218,119
790,119
12093,119
9133,119
9368,119
6940,119
14411,119
33222,119
21969,119
27787,120
2220,120
1158,120
33639,120
22,120
1749,120
10996,120
27075,120
231,120
8793,120
17219,120
23683,120
24378,120
7303,120
4534,120
31287,120
23870,120
32221,120
11394,120
15216,120
12010,120
28599,121
10762,121
19056,121
21067,121
8843,121
6531,121
33580,121
20963,121
8870,121
6556,121
30736,121
2104,121
6468,121
28914,121
9970,121
23007,121
32556,121
2476,121
23821,121
16050,121
18988,122
18195,122
3325,122
10366,122
1539,122
6027,122
11174,122
1108,122
31295,122
16719,122
5444,122
25927,122
30576,122
3847,122
14133,122
17286,122
15313,122
4352,122
21850,122
27802,122
22351,122
23306,122
21398,122
28611,122
23875,122
16117,122
4341,123
32924,123
17547,123
23990,123
31579,123
20174,123
3904,123
29988,123
14555,123
30563,123
29170,123
32482,123
10870,123
27744,123
11498,123
32137,123
12777,123
17630,123
31497,123
21196,123
6654,124
26664,124
19231,124
17703,124
17589,124
26426,124
33517,124
30715,124
14033,124
30706,124
7019,124
23,124
21623,124
21306,124
20312,124
22116,124
18900,124
30574,124
31104,124
18133,124
14296,124
19030,124
7929,124
8816,125
10234,125
28705,125
31179,125
32953,125
15880,125
197,125
9180,125
23384,125
6628,125
8662,125
31393,125
30081,125
4195,125
7524,125
2721,125
2813,125
10372,125
33103,125
17616,125
21683,126
4368,126
3933,126
8937,126
11697,126
5630,126
22109,126
25774,126
1189,126
29065,126
25822,126
20783,126
2544,126
20488,126
31825,126
3203,126
23040,126
23653,126
18902,126
13584,126
1662,126
15969,126
56,126
14909,126
10385,127
7379,127
7671,127
21510,127
22086,127
21949,127
20229,127
692,127
1633,127
13700,127
27777,127
15084,127
28880,127
15636,127
6611,127
25806,127
33255,127
2890,127
7160,127
8672,127
15383,127
27096,127
20265,127
8560,127
10447,128
2087,128
11102,128
10913,128
11482,128
6366,128
12086,128
3661,128
33073,128
33050,128
6473,128
29091,128
1059,128
32130,128
1026,128
9446,128
20114,128
23806,128
31315,128
13809,128
30295,128
29759,128
24013,128
19762,128
7405,128
6411,128
16159,128
4913,128
24042,128
1305,128
20606,128
2773,128
21075,128
16051,128
8755,128
15777,128
18327,129
22931,129
11918,129
2573,129
505,129
6746,129
1731,129
415,129
13508,129
15652,129
20399,129
27063,129
33022,129
28025,129
19113,129
31957,129
24910,129
2447,129
22607,129
22757,129
32515,129
30187,129
12792,130
7181,130
14018,130
13721,130
17890,130
15225,130
25399,130
13895,130
19475,130
25839,130
25804,130
32001,130
29954,130
11069,130
21408,130
15315,130
2395,130
18829,130
8029,130
20387,130
30198,130
12067,130
18820,130
5004,130
21647,131
1553,131
11086,131
31180,131
24529,131
15088,131
14677,131
16434,131
15049,131
20520,131
8024,131
17932,131
27218,131
9298,131
3272,131
19413,131
5493,131
9708,131
3002,131
2011,131
29665,131
18593,131
343,131
16349,132
16466,132
896,132
9516,132
1404,132
2403,132
21513,132
5368,132
12967,132
32532,132
11838,132
20182,132
28977,132
31095,132
12335,132
4414,132
5188,132
17086,132
7155,132
29658,132
5503,132
6888,132
29237,132
33305,132
32658,132
2714,133
26184,133
5860,133
2124,133
29205,133
36,133
1674,133
26800,133
8165,133
10244,133
25576,133
21899,133
11604,133
26463,133
14641,133
18864,133
17799,133
20848,133
17406,133
26449,133
2407,133
12247,133
9203,133
21942,133
13230,134
24756,134
32486,134
32772,134
29644,134
230,134
18440,134
12101,134
28780,134
20368,134
6620,134
30314,134
22823,134
25722,134
21205,134
17582,134
3391,134
25546,134
20865,134
28782,134
1987,134
27982,134
1557,134
12274,135
633,135
3579,135
16953,135
20093,135
1918,135
3729,135
30125,135
32408,135
16660,135
16002,135
20213,135
21129,135
26936,135
12280,135
30181,135
11878,135
15020,135
20684,135
18816,135
332,135
9568,135
4670,135
24609,135
8327,135
24831,135
20679,136
21753,136
11923,136
19562,136
10673,136
16599,136
5601,136
13362,136
25310,136
9524,136
7126,136
11793,136
31369,136
6609,136
12563,136
30516,136
31620,136
19469,136
17848,136
31734,136
17899,136
8299,136
14196,136
2564,136
107,136
13357,137
30533,137
25724,137
7008,137
5674,137
6803,137
15682,137
29143,137
13452,137
1296,137
19654,137
16320,137
29845,137
4871,137
5103,137
7364,137
31181,138
13444,138
29367,138
25601,138
28198,138
1383,138
11219,138
10833,138
26291,138
29288,138
26671,138
31234,138
7502,138
19076,138
11316,138
27377,138
17344,138
25754,138
6837,138
24095,138
28218,139
20550,139
12646,139
20447,139
10655,139
4300,139
14312,139
28819,139
26347,139
19988,139
27342,139
4850,139
9123,139
21605,139
22173,139
4517,139
32831,139
6690,139
15460,139
13298,139
12365,139
3931,139
16318,139
26163,139
14594,139
9412,140
25065,140
20562,140
32774,140
7562,140
32594,140
13731,140
12290,140
13306,140
19588,140
9143,140
20897,140
15814,140
23354,140
7305,141
27176,141
32456,141
25616,141
12597,141
201,141
7450,141
23077,141
31810,141
11919,141
9704,141
5254,141
12756,141
18360,141
25276,141
31140,141
23008,141
29924,141
17173,141
5760,141
8061,142
16054,142
2459,142
15296,142
18967,142
31000,142
10974,142
7427,142
8948,142
32092,142
21285,142
26895,142
22039,142
15765,142
12121,142
17939,142
24138,142
9858,142
31290,142
32714,142
23067,142
31914,142
6789,142
5646,142
5012,142
27207,142
10144,142
16862,142
18728,143
22884,143
948,143
13462,143
2349,143
7030,143
1580,143
20976,143
21406,143
14334,143
21860,143
28548,143
7115,143
4135,143
16575,143
5690,143
10916,143
8743,143
964,143
33185,143
9369,144
19423,144
25951,144
2786,144
21541,144
9039,144
32184,144
14888,144
3722,144
24748,144
15937,144
8913,144
26397,144
15965,144
11971,144
30266,144
19068,144
6907,144
15015,144
11413,144
20974,144
11310,144
20059,144
15800,144
11177,144
29908,144
4394,144
18945,144
6407,145
18903,145
10869,145
19767,145
21081,145
8507,145
17807,145
30705,145
4434,145
27210,145
23922,145
24080,145
17695,145
14309,145
14895,145
6174,145
2123,145
14864,145
15078,145
12587,145
20225,145
6559,145
23906,145
8143,145
10222,146
22804,146
22849,146
19697,146
33312,146
16330,146
977,146
16131,146
32060,146
14489,146
12702,146
30805,146
9375,146
27511,146
4987,146
18818,146
263,146
26757,146
18854,146
10264,146
32964,146
15246,147
12642,147
20816,147
10285,147
13876,147
26348,147
5499,147
15189,147
21307,147
14505,147
9763,147
18255,147
5166,147
30318,147
25461,147
4012,147
31366,147
14787,148
23141,148
27185,148
20847,148
13829,148
4192,148
17601,148
23880,148
22995,148
2932,148
27962,148
14207,148
3857,148
15276,148
22386,148
23731,148
32940,148
23247,148
17182,148
10962,149
18890,149
15887,149
30429,149
14101,149
14952,149
24137,149
19965,149
29054,149
10586,149
28210,149
30446,149
16644,149
28026,149
5824,149
10320,149
14588,149
21164,149
29889,149
3329,149
28804,149
17366,149
31892,150
5848,150
19017,150
24293,150
501,150
8057,150
15033,150
23658,150
28840,150
20900,150
13744,150
27844,150
14292,150
28360,150
1533,150
32768,150
21749,150
31786,150
730,150
19034,150
11491,150
537,150
22320,150
6847,150
25145,150
5700,150
3205,150
11366,150
5752,150
21604,151
27412,151
16203,151
14742,151
4182,151
30488,151
15959,151
26536,151
13155,151
26216,151
8931,151
14998,151
17251,151
6144,151
14797,151
4328,151
19967,151
19641,151
9474,152
33440,152
1174,152
19481,152
20322,152
24853,152
25441,152
26886,152
28419,152
596,152
1436,152
28276,152
696,152
17249,152
13852,152
32571,152
29239,152
25331,152
16692,152
9348,152
14212,152
14250,152
8498,152
15160,152
17476,153
13051,153
11707,153
19079,153
27044,153
15411,153
19679,153
30334,153
308,153
21779,153
25335,153
7234,153
5547,153
293,153
8360,153
27371,153
1519,153
1745,153
14263,153
1458,154
9407,154
6842,154
18271,154
31534,154
4968,154
24803,154
28509,154
29062,154
5619,154
6839,154
11901,154
31722,154
6012,154
31214,154
4474,154
11864,154
28803,154
4563,154
26836,154
8341,155
689,155
9716,155
13752,155
24840,155
6624,155
11148,155
30895,155
1621,155
3784,155
24930,155
28801,155
2289,155
8618,155
24322,155
2214,155
5563,155
13129,155
8236,155
3190,155
5709,155
31335,155
21988,155
436,156
17859,156
26875,156
3312,156
4943,156
10128,156
12013,156
15868,156
12564,156
25030,156
31917,156
3077,156
18002,156
1033,156
3565,156
15376,156
16312,157
27993,157
3108,157
8155,157
28739,157
12917,157
15082,157
28214,157
7667,157
9584,157
21539,157
8285,157
8046,157
33077,157
417,157
16185,157
10804,157
3260,157
28117,157
14858,157
25131,157
14942,157
20463,157
9361,157
18507,157
14126,157
11944,157
18321,157
15668,157
25187,158
8316,158
8691,158
26394,158
22259,158
13602,158
16255,158
12046,158
12492,158
12183,158
30029,158
11456,158
19909,158
3603,158
14377,158
30950,158
25699,158
31433,158
15818,158
27531,158
12380,158
25873,158
427,158
24598,158
21154,158
7595,158
6207,158
3342,158
25080,158
25563,158
19811,158
30063,159
6667,159
24663,159
22331,159
17357,159
24959,159
10033,159
6876,159
30119,159
14160,159
15532,159
1159,159
8033,159
33364,159
13937,159
23656,159
27754,159
29816,159
18940,159
28766,159
27941,159
20797,160
23235,160
5820,160
294,160
21329,160
12918,160
26817,160
18806,160
7747,160
10718,160
23613,160
27874,160
4525,160
285,160
10939,160
24749,160
19550,160
32968,160
8639,160
1427,160
14328,160
9164,160
24087,160
13304,160
11077,160
7732,160
1883,161
4802,161
17474,161
1463,161
12668,161
26101,161
1596,161
22311,161
7138,161
29299,161
7936,161
12364,161
21719,161
8812,161
14902,161
21363,161
19728,161
25925,161
17444,161
5163,161
7529,161
32136,161
32533,161
33216,161
27810,161
6185,161
17839,161
19516,161
10600,161
1214,161
17707,161
6099,161
2385,162
33291,162
20967,162
7687,162
33469,162
2918,162
3869,162
6649,162
4494,162
23156,162
26542,162
22046,162
24304,162
6933,162
13615,162
10611,162
11779,162
31017,162
9694,163
2539,163
456,163
4765,163
19381,163
1932,163
4873,163
27523,163
12992,163
20675,163
4502,163
19010,163
9695,163
31945,163
22746,163
2806,163
11907,163
5469,163
31162,163
27423,163
27255,163
12714,163
28925,163
7244,163
32387,163
29961,163
3780,163
5699,163
12373,163
240,163
15483,164
28181,164
28282,164
9726,164
16671,164
28139,164
21401,164
16868,164
33326,164
12850,164
22662,164
29087,164
29538,164
8295,164
25981,164
10979,164
14903,164
22034,164
1746,164
21686,164
23637,164
5520,164
29750,164
20331,164
8194,165
12002,165
32760,165
26007,165
11650,165
24626,165
8502,165
17846,165
10015,165
15439,165
21059,165
9531,165
33301,165
31638,165
11523,165
22171,165
17721,165
31923,165
7185,165
18096,165
8157,165
27698,165
1098,165
1304,165
23768,166
7239,166
18424,166
17510,166
3294,166
17365,166
28368,166
7209,166
12059,166
6023,166
163,166
17533,166
16900,166
2355,166
17213,166
30425,166
33181,166
15395,166
24924,166
32132,166
26775,166
30568,166
11889,166
9370,166
5369,167
10821,167
30637,167
5746,167
11507,167
4819,167
24071,167
6762,167
138,167
30451,167
22630,167
7439,167
25444,167
21117,167
5129,167
22120,167
13235,167
23469,167
27153,167
33212,167
27472,167
33218,168
30442,168
28989,168
30946,168
9513,168
19412,168
3187,168
33040,168
17101,168
1525,168
11109,168
8609,168
24668,168
24493,168
8467,168
13638,168
5943,168
8634,168
4642,168
3552,168
10311,168
9131,168
28258,168
13460,168
22067,169
14257,169
14600,169
33538,169
31142,169
27697,169
3305,169
27340,169
19503,169
1282,169
15099,169
11462,169
5185,169
25020,169
13661,169
25460,169
9912,169
2551,169
20191,169
20154,169
27781,169
10830,169
973,169
29027,169
17345,169
14326,170
3308,170
20309,170
21792,170
11687,170
24996,170
10679,170
8999,170
33225,170
27404,170
9772,170
13374,170
7629,170
23230,170
9005,170
27593,170
11179,170
2802,170
25682,170
28199,170
16684,170
10175,171
27311,171
24380,171
24011,171
10618,171
29182,171
17529,171
1300,171
11764,171
8835,171
27958,171
10110,171
26312,171
4860,171
12804,171
24478,171
30811,171
19869,171
3486,171
29082,171
24441,171
9632,172
3875,172
27547,172
23061,172
8153,172
20824,172
2487,172
25590,172
29829,172
22835,172
26925,172
914,172
18553,172
24621,172
20840,172
3228,172
31523,172
25134,172
93,172
586,173
30977,173
22945,173
5635,173
8420,173
32326,173
7101,173
946,173
14532,173
22380,173
25889,173
15399,173
27790,173
32777,173
32999,173
12571,173
9955,173
8637,173
18646,173
24746,173
25372,173
219,173
3629,173
9445,173
13510,173
19860,173
15677,173
1024,173
26785,173
30323,173
25175,173
22892,173
21055,173
14665,173
25454,174
37,174
8486,174
24215,174
4327,174
13950,174
25622,174
22651,174
13339,174
12307,174
24593,174
29380,174
14319,174
33661,174
15743,175
3568,175
3230,175
20416,175
5177,175
3227,175
6678,175
33396,175
21610,175
10293,175
32851,175
8504,175
4208,175
17617,175
6060,175
18111,175
9636,175
20706,176
6808,176
12924,176
10266,176
7498,176
4492,176
19943,176
15539,176
25813,176
17699,176
19332,176
29865,176
12821,176
15097,176
1602,176
13775,176
15135,176
21965,176
12861,176
13935,176
33746,176
7935,176
13689,176
32057,176
1362,176
1763,176
16656,176
5556,177
32478,177
9848,177
1288,177
21039,177
4036,177
26418,177
7134,177
23890,177
10706,177
21119,177
18033,177
26774,177
20837,177
20491,177
16189,177
23252,177
25262,177
21884,177
24943,177
21507,177
26104,177
2735,177
9110,178
10292,178
13474,178
4778,178
14082,178
31236,178
27687,178
619,178
12088,178
29317,178
1050,178
20170,178
4112,178
4041,178
32462,178
19409,178
21381,178
13598,178
10817,178
17167,178
8484,178
11973,178
8883,179
15366,179
11008,179
33,179
26107,179
18114,179
19696,179
11218,179
2769,179
16675,179
24004,179
11414,179
14358,179
30257,179
7285,179
1169,179
10548,179
22321,179
1953,179
7443,179
20281,179
22853,179
565,179
21888,179
19291,179
30059,179
30423,179
16224,179
24602,180
23606,180
27237,180
4343,180
22988,180
31406,180
23434,180
24518,180
22682,180
26819,180
1289,180
27261,180
16752,180
13342,180
4423,180
11075,180
24187,180
19457,180
28749,180
7492,180
32091,180
22455,180
30597,180
4988,181
26044,181
11126,181
17359,181
17922,181
10371,181
10496,181
30163,181
13674,181
26668,181
31046,181
29510,181
27368,181
29699,181
17136,181
15171,181
5950,181
33719,181
8149,181
13918,181
18125,181
3257,181
32833,181
18892,181
31905,181
12399,181
26335,181
16964,182
28078,182
32089,182
20226,182
28089,182
3259,182
9286,182
33012,182
838,182
14419,182
15785,182
7632,182
32888,182
25045,182
26917,182
1399,182
29148,182
31953,182
28154,182
29972,182
19283,182
30653,182
14045,182
19036,182
17313,182
29101,182
19127,182
2717,182
24664,182
23933,183
22069,183
25892,183
32667,183
10492,183
5599,183
2006,183
4436,183
18415,183
24904,183
9371,183
32796,183
8409,183
33016,183
4126,183
32386,183
14311,183
1077,183
27613,183
3551,183
1842,183
13062,184
27601,184
20927,184
2685,184
10876,184
5348,184
5711,184
24408,184
14611,184
15708,184
32735,184
19710,184
13932,184
28318,184
31745,184
23355,184
31581,184
25950,184
24465,185
18202,185
18876,185
28762,185
12782,185
23962,185
21524,185
25224,185
33450,185
848,185
8431,185
31275,185
27653,185
16165,185
9749,185
22141,185
23654,185
27005,185
32441,185
330,185
7535,185
18163,185
2774,186
8468,186
15878,186
14563,186
19247,186
14703,186
12835,186
8350,186
7243,186
11896,186
25902,186
28634,186
5626,186
32728,186
15890,186
31069,186
18751,186
12610,186
18754,186
15400,186
15733,186
11859,186
16995,187
14317,187
10944,187
21960,187
222,187
11625,187
4848,187
10893,187
4803,187
6008,187
2052,187
28400,187
4745,187
14866,187
335,188
6227,188
29531,188
14086,188
10122,188
29423,188
28751,188
33276,188
19302,188
21187,188
874,188
7627,188
26913,188
29015,188
1455,188
20995,188
1668,188
21193,188
22705,188
31278,188
24090,188
24685,188
20373,189
26135,189
4172,189
9346,189
13389,189
4600,189
32041,189
23052,189
9211,189
30316,189
32365,189
28454,189
23983,189
15649,189
6807,189
22710,189
5669,189
20327,189
5191,189
11685,189
1084,189
18861,189
21833,189
16101,189
10770,189
32074,190
13143,190
5489,190
1368,190
17896,190
5053,190
15326,190
33402,190
1700,190
18068,190
6283,190
17302,190
21740,190
14348,190
10814,190
20218,190
26309,190
14550,190
824,190
2711,190
10418,190
21474,190
23347,190
20304,190
703,190
27923,190
18999,190
24016,191
33534,191
25651,191
15681,191
3930,191
28638,191
12717,191
32997,191
2646,191
8958,191
32093,191
8530,191
31594,191
12127,191
20535,191
25349,191
27997,191
7749,191
32734,191
1685,191
12349,191
9579,191
1353,191
6038,191
33561,191
1328,191
2130,192
6700,192
16877,192
28484,192
19115,192
14631,192
10662,192
2528,192
28278,192
23715,192
30846,192
18328,192
29616,192
4679,192
20571,192
31813,192
7508,192
4545,192
10107,192
31059,192
24285,192
2733,192
18825,192
27875,192
23782,193
1828,193
28630,193
23909,193
27358,193
28552,193
6280,193
12905,193
4296,193
25535,193
13361,193
4111,193
19759,193
28346,193
27548,193
3191,193
4599,193
8804,193
15492,193
9499,193
1994,193
1167,193
5134,193
29359,193
14671,193
23471,193
27543,193
22782,194
2845,194
31609,194
1012,194
21574,194
33002,194
14467,194
33511,194
19985,194
20349,194
4345,194
792,194
9526,194
7240,194
29431,194
14252,194
108,194
30217,194
16029,194
18300,194
7189,194
29160,194
18566,194
30249,194
24566,194
31338,194
6113,194
11556,195
1603,195
23336,195
33732,195
5898,195
10035,195
440,195
26328,195
3589,195
14580,195
28986,195
18178,195
22399,195
12641,195
15341,195
9467,195
27328,195
20955,195
18100,195
23923,195
15978,196
18353,196
28370,196
22258,196
26410,196
26502,196
8,196
18351,196
6111,196
72,196
7390,196
15793,196
6795,196
31156,196
15286,196
27585,196
19760,196
24871,196
4315,196
28358,197
5238,197
28758,197
17979,197
28684,197
28731,197
29929,197
25715,197
5853,197
20820,197
17531,197
2505,197
33075,197
31048,197
31002,197
25164,197
23805,197
14523,197
8205,197
2460,197
5294,197
18578,197
7926,198
1251,198
2167,198
2935,198
1841,198
23314,198
30830,198
31291,198
8589,198
7167,198
7205,198
29085,198
30193,198
4312,198
18533,198
16385,198
31450,198
26361,198
21553,198
29633,198
23031,198
3882,198
12862,198
3419,199
14075,199
1373,199
31074,199
21409,199
4230,199
6560,199
7526,199
8794,199
4106,199
25725,199
8456,199
24364,199
9820,199
25506,199
17647,199
32620,199
14650,199
4265,199
2608,199
16436,199
30600,199
18388,199
14727,199
16204,199
9964,200
14609,200
6282,200
11713,200
1991,200
21085,200
33347,200
1196,200
33651,200
5090,200
7434,200
22542,200
26419,200
4228,200
5604,200
24563,200
4411,200
15906,200
8563,200
5246,200
11729,200
14015,200
11808,200
16978,200
17497,200
14475,200
2560,200
20536,201
29296,201
15222,201
16348,201
9924,201
29850,201
12400,201
31697,201
31840,201
3672,201
28563,201
8886,201
1124,201
10753,201
19470,201
1958,201
19590,201
7290,201
26323,201
14034,201
6923,201
7039,201
30439,201
29492,201
11121,201
26677,202
1113,202
18585,202
4079,202
30368,202
16890,202
17671,202
21987,202
14192,202
30680,202
17679,202
26201,202
7616,202
4043,202
14061,202
11583,202
16482,202
4117,202
10683,202
1906,202
26288,202
27648,202
25154,202
14279,202
16346,202
16606,202
14396,202
949,202
19368,203
6487,203
23663,203
24793,203
1104,203
32639,203
29677,203
11714,203
27492,203
12713,203
950,203
21459,203
16996,203
30636,203
26378,203
23050,203
32399,203
16735,203
1345,203
19160,203
5531,203
5743,203
25991,203
29904,204
13315,204
31009,204
19769,204
19150,204
20617,204
14807,204
32616,204
1684,204
15998,204
4846,204
11879,204
6273,204
4948,204
27945,204
1968,204
7930,204
22055,204
19551,204
22010,204
8322,204
23072,204
6934,204
11652,204
22419,204
16907,205
3004,205
10229,205
6639,205
31755,205
7422,205
16223,205
16126,205
8050,205
11123,205
26876,205
26233,205
12279,205
18794,205
19083,206
6685,206
14622,206
14821,206
20791,206
24459,206
24822,206
13921,206
31253,206
15052,206
13928,206
33032,206
8259,206
6195,206
3978,206
506,206
3059,206
9869,206
4732,206
16332,206
30251,206
12797,206
17996,206
4598,206
13899,206
6760,206
11619,207
21705,207
7899,207
12719,207
16139,207
27215,207
6055,207
25656,207
24631,207
12627,207
28982,207
19947,207
24242,207
23857,207
12031,207
14823,207
13372,207
4901,207
20877,207
8349,208
10274,208
32157,208
13527,208
21619,208
18267,208
19629,208
3615,208
15190,208
20639,208
1308,208
22231,208
9120,208
11895,208
13512,208
5124,208
5056,208
16756,208
22897,208
18750,208
3067,208
31426,208
16708,208
4246,208
19841,208
7777,208
22495,208
18332,209
11691,209
33139,209
3271,209
29666,209
2245,209
28510,209
25117,209
13606,209
20874,209
28710,209
29465,209
12936,209
30945,209
9086,209
20321,209
31540,209
6253,209
18726,209
24612,210
32708,210
7853,210
29232,210
20409,210
7137,210
20426,210
19542,210
13813,210
17019,210
9816,210
28948,210
10198,210
3069,210
27650,210
2793,210
5494,210
13226,210
19900,210
15408,210
6235,210
851,210
7170,210
20016,210
10243,210
23342,210
22598,211
21693,211
5611,211
2061,211
12137,211
11846,211
32986,211
11591,211
19867,211
20272,211
19032,211
17325,211
11700,211
28488,211
1901,211
7842,211
17275,211
15907,211
16759,211
21756,211
26733,211
1023,211
21302,211
6436,211
28372,211
20553,211
7978,211
8600,211
13251,212
9990,212
2913,212
11822,212
10697,212
7728,212
3014,212
25698,212
33272,212
4469,212
2726,212
5697,212
131,212
12909,212
18867,212
24869,212
33377,212
15053,212
21675,212
19607,212
13259,212
5590,212
618,212
30521,212
13297,213
19616,213
14333,213
10413,213
17418,213
2566,213
33567,213
4610,213
10622,213
13356,213
2416,213
33435,213
345,213
15929,213
5120,213
21685,213
10704,213
11389,213
24099,213
23386,213
22437,213
5568,213
3810,213
6152,213
28791,213
15983,213
386,214
22663,214
20372,214
32742,214
10468,214
22571,214
32161,214
27408,214
32007,214
16246,214
421,214
30191,214
16066,214
19818,214
27296,214
13987,214
7955,214
21631,214
2952,214
33683,214
12368,215
6823,215
29386,215
20914,215
22878,215
15017,215
26084,215
12529,215
2874,215
7821,215
481,215
4688,215
12746,215
21588,215
33259,216
12033,216
26547,216
18984,216
30238,216
18959,216
11288,216
19297,216
33510,216
11290,216
5020,216
32287,216
21126,216
31428,216
29675,216
9712,216
11004,216
25484,216
25303,216
25792,216
13064,216
8426,216
14916,216
5440,216
21389,216
31769,216
31658,217
22017,217
14476,217
21626,217
957,217
22423,217
17335,217
6800,217
8413,217
31775,217
26,217
15612,217
26405,217
24410,217
18127,217
20555,217
4342,217
836,217
4649,217
6958,217
17358,217
21915,217
1476,217
22567,217
20090,217
31701,217
2462,217
4398,217
11804,217
9560,218
29045,218
33686,218
12736,218
17546,218
13408,218
16155,218
10395,218
20983,218
16738,218
164,218
10213,218
6508,218
875,218
27146,218
6490,218
33072,218
33349,218
13676,218
24265,218
8137,218
11582,218
22992,218
10897,218
14492,218
2548,219
8241,219
27664,219
5458,219
1170,219
17507,219
10568,219
2275,219
33628,219
24335,219
11951,219
4096,219
31969,219
27392,219
17026,219
32573,219
3971,219
10406,219
22404,219
5411,220
11762,220
956,220
19784,220
15792,220
23566,220
16422,220
18894,220
11999,220
22237,220
13716,220
12664,220
20460,220
24325,220
4747,220
1598,220
14960,220
18154,220
4131,220
29564,220
24759,220
7275,220
29220,220
7455,220
10528,220
32843,220
14032,220
16992,220
17458,220
14302,220
1408,220
454,220
24863,221
9355,221
28828,221
29402,221
3355,221
16923,221
4464,221
26651,221
21546,221
714,221
11423,221
15345,221
22262,221
31601,221
23369,221
8402,221
10972,221
3092,221
20011,221
9270,221
15281,221
4791,221
17125,221
1755,222
33518,222
29532,222
19792,222
19677,222
11340,222
11124,222
27064,222
6691,222
24858,222
24948,222
27587,222
16640,222
30465,222
10153,222
19152,222
15302,222
24658,222
259,222
26517,222
1468,222
12542,222
32402,222
16166,222
8547,222
25808,222
2401,223
2999,223
3623,223
5014,223
6070,223
30571,223
21998,223
10441,223
23199,223
16874,223
8213,223
33599,223
18350,223
44,223
4834,223
29620,223
1599,223
11241,223
27226,223
25743,223
15988,223
2523,223
26340,224
14445,224
1398,224
29224,224
13191,224
24987,224
10857,224
10594,224
10976,224
4347,224
26439,224
11562,224
12970,224
26673,224
4477,224
1915,224
5256,224
595,224
21139,224
20638,224
33248,224
23927,224
19039,224
2503,224
21286,224
33416,224
597,225
13375,225
4903,225
15658,225
8572,225
407,225
11131,225
29539,225
3764,225
17001,225
1139,225
733,225
21648,225
130,225
4120,225
6860,225
18395,225
9389,225
16563,225
12231,225
19529,225
15555,225
1928,226
28653,226
10853,226
6893,226
12944,226
30158,226
23729,226
14187,226
14441,226
8815,226
22688,226
17749,226
24312,226
19774,226
10125,226
17537,226
24921,226
21676,226
942,226
8933,226
15986,226
13470,226
33176,226
17574,226
7177,227
106,227
20625,227
29276,227
27288,227
24365,227
19830,227
13465,227
4814,227
7420,227
28378,227
5543,227
33062,227
13771,227
11695,227
17598,227
5694,227
24981,228
20112,228
17917,228
14255,228
884,228
31216,228
10570,228
31823,228
2697,228
24902,228
20853,228
11454,228
27119,228
3015,228
14370,228
9232,228
27519,228
24970,228
18753,228
25749,229
20326,229
27318,229
20809,229
20036,229
24431,229
11724,229
26712,229
21248,229
28193,229
9119,229
26795,229
5149,229
27066,229
29905,229
7140,229
9562,229
6767,229
2940,229
12727,229
12243,229
2273,229
26280,229
7962,229
5331,229
5028,229
22030,229
10180,230
30383,230
14784,230
6647,230
16465,230
2879,230
10204,230
17925,230
14039,230
13838,230
28364,230
28271,230
14804,230
28514,230
15258,230
5977,231
31209,231
31397,231
11921,231
8471,231
18719,231
10303,231
12378,231
11189,231
12709,231
9015,231
4839,231
8232,231
9399,231
4314,231
15111,231
5490,231
23593,231
7818,231
32520,231
5989,231
19814,231
23941,231
33109,231
30893,231
12053,231
3237,232
8280,232
24773,232
6892,232
959,232
17379,232
28666,232
16478,232
15427,232
29169,232
27028,232
21606,232
18337,232
2852,232
4650,232
5617,232
26924,232
7565,232
2980,232
25434,232
1601,233
30136,233
23525,233
26511,233
2632,233
21128,233
3604,233
3991,233
10898,233
3745,233
5953,233
8235,233
2478,233
30393,233
26384,233
32000,233
19918,233
2027,233
22185,233
1785,233
17278,233
24122,233
10217,233
33269,233
18320,233
1260,233
5730,233
13258,233
28273,233
22390,233
28097,233
30625,233
32528,234
23601,234
6729,234
4390,234
5998,234
11657,234
18035,234
11760,234
2041,234
20027,234
18001,234
24487,234
26353,234
12848,234
21334,234
23817,234
31302,234
4577,234
2782,234
6532,234
13023,234
732,234
5623,235
10829,235
29168,235
23296,235
16181,235
5729,235
27219,235
21929,235
2082,235
24284,235
18177,235
29067,235
12870,235
31604,235
17098,235
2907,235
16357,235
28592,235
8621,235
13930,235
22771,235
29758,235
552,235
14225,235
26538,235
852,235
7025,235
6821,235
28540,235
11750,236
25297,236
18912,236
8500,236
25864,236
15019,236
27078,236
14169,236
33418,236
22242,236
31484,236
17119,236
24596,236
4069,236
4576,236
17147,236
32043,236
8577,236
1999,236
28917,236
30853,236
1096,236
31418,236
10801,237
30493,237
23485,237
12478,237
25490,237
31958,237
6637,237
12876,237
2235,237
24420,237
5873,237
3097,237
13612,237
24743,237
19479,237
13195,237
8669,237
9877,237
6878,237
18792,237
30713,237
19873,237
12197,237
23241,237
11718,237
1330,237
1052,237
27726,237
18929,237
18866,237
6722,237
8914,237
4476,237
22826,238
21865,238
27867,238
2143,238
21299,238
6890,238
9012,238
24271,238
32651,238
7836,238
6438,238
15754,238
7149,238
6975,238
10044,238
16490,239
19230,239
239,239
9289,239
15484,239
22157,239
13894,239
11568,239
29226,239
20419,239
20039,239
6270,239
1152,239
6143,239
18580,239
18409,239
11228,239
7477,239
12617,239
10329,239
5342,239
21423,239
15602,239
14819,239
32375,239
22779,239
30852,239
24132,240
17790,240
28868,240
20519,240
33731,240
31403,240
7598,240
17579,240
9578,240
25427,240
4784,240
5039,240
46,240
5436,240
1270,240
16919,240
8034,240
3484,240
12132,240
15118,241
3282,241
13729,241
3450,241
8738,241
27473,241
600,241
21902,241
8902,241
21723,241
7863,241
4864,241
20212,241
28503,241
20904,241
7826,241
5161,241
324,241
21046,241
1954,241
19435,241
6132,241
15902,241
1630,241
27195,241
9734,241
30630,241
12837,241
33224,242
6957,242
26831,242
1747,242
8253,242
26803,242
31039,242
3080,242
20937,242
30317,242
18801,242
12568,242
25003,242
9185,242
16843,242
3289,242
4622,242
29752,242
25870,242
14788,242
26613,242
18343,242
31634,242
25236,242
30801,242
11038,242
16009,242
14529,242
16322,242
1202,242
6047,243
11458,243
5199,243
5638,243
21773,243
18101,243
6874,243
33164,243
14581,243
9008,243
25186,243
3588,243
14771,243
15899,243
3563,243
15846,243
6409,243
8199,243
13482,243
22658,243
17151,243
14793,243
32795,243
15432,243
15941,243
8006,243
9219,243
21597,243
3573,243
26142,244
23135,244
15262,244
26006,244
19025,244
31517,244
1482,244
27510,244
12439,244
17003,244
27426,244
26556,244
32958,244
11914,244
12531,244
15438,244
30832,244
7878,244
668,244
3910,244
19153,244
32845,244
9994,244
28502,244
22750,244
12102,244
24735,244
2877,244
26490,244
3908,244
30624,245
6618,245
12499,245
28974,245
5363,245
1276,245
12398,245
19547,245
19365,245
24084,245
15102,245
563,245
16036,245
5455,245
15151,245
28452,245
2740,245
10163,245
24945,245
13621,245
352,245
11990,245
25165,245
32870,245
10883,245
17063,245
30247,245
3550,245
10090,245
22328,245
13475,246
30353,246
7725,246
14059,246
1277,246
1505,246
28686,246
1772,246
17419,246
6503,246
16270,246
27485,246
22525,246
28225,246
724,246
24628,246
26443,246
12461,246
30015,246
22453,246
22501,246
3303,246
2463,246
31086,246
26473,246
438,246
9374,246
28760,246
2522,247
8204,247
21813,247
1078,247
2232,247
30150,247
435,247
30519,247
20857,247
5506,247
20590,247
8449,247
4030,247
4253,247
26736,247
26579,247
6475,247
9923,247
19338,247
16449,247
30268,247
6779,247
14056,247
28597,247
33559,247
26472,247
18297,247
18456,247
28956,248
9345,248
23265,248
644,248
2621,248
8536,248
2979,248
14867,248
12626,248
17160,248
4323,248
5116,248
9795,248
20087,248
6206,248
11938,248
8730,248
8625,249
13750,249
25610,249
12860,249
30011,249
21789,249
12125,249
9530,249
31615,249
22369,249
17962,249
29012,249
9778,249
22167,249
32170,249
8338,249
32302,249
31544,249
5691,249
16475,249
10177,249
23891,249
25712,249
29581,249
3906,250
2251,250
918,250
17240,250
21448,250
2097,250
3125,250
32562,250
13808,250
9936,250
11251,250
13390,250
22932,250
22200,250
4088,250
12191,250
29397,250
15626,250
29664,250
23030,250
2963,250
17883,250
25332,250
15122,251
20428,251
27152,251
12523,251
32475,251
30457,251
3608,251
1981,251
29736,251
32169,251
33619,251
13965,251
2953,251
24508,251
18258,251
4522,251
31643,251
13690,251
24263,251
5966,251
6741,251
30567,251
17700,252
4540,252
6095,252
32059,252
16513,252
12262,252
25911,252
14829,252
15993,252
24531,252
26357,252
7484,252
28177,252
10251,252
32296,252
30526,252
23450,252
402,252
3994,252
14557,252
29941,252
20317,252
15725,252
32672,252
20965,252
31111,252
15877,252
12634,252
8273,252
27420,252
4575,252
2141,252
29013,252
5043,252
4451,252
9014,253
25184,253
25646,253
27471,253
33601,253
17722,253
16011,253
7746,253
10926,253
4180,253
6289,253
31161,253
11035,253
28092,253
19724,253
16253,253
30638,253
5793,253
22847,253
20440,253
14965,253
3383,253
7342,254
5073,254
29861,254
5596,254
32543,254
4844,254
31466,254
2868,254
24780,254
5240,254
29454,254
28772,254
12200,254
18490,254
11254,254
32401,255
23707,255
11144,255
14417,255
28268,255
13505,255
13756,255
18382,255
32605,255
11860,255
32559,255
1831,255
22466,255
32731,255
27262,255
33677,255
2922,255
9084,255
33121,255
25531,255
8617,255
33670,255
10318,255
8555,256
15500,256
29781,256
11843,256
27059,256
8091,256
27054,256
24203,256
11311,256
1628,256
25752,256
31687,256
2811,256
18140,256
23211,256
2757,256
2406,256
21349,256
22085,256
21411,256
10985,256
13391,256
31055,256
29571,256
13929,256
20413,256
15334,256
28954,256
32182,256
21962,256
9439,256
8032,256
18242,256
7822,256
28517,257
3862,257
11145,257
15558,257
8670,257
5854,257
26457,257
14796,257
29071,257
9830,257
20080,257
22123,257
23174,257
33734,257
17363,257
1392,257
31764,257
22500,257
11233,257
29823,257
3612,257
30034,257
28230,257
5500,257
32117,257
20770,257
25523,257
16240,257
33037,258
1495,258
24690,258
15209,258
28545,258
24564,258
5467,258
30214,258
18145,258
33482,258
5827,258
33633,258
28171,258
8746,258
1970,258
13926,258
15622,258
29088,258
25819,258
23317,258
2316,259
20994,259
20076,259
28832,259
33578,259
8513,259
21555,259
13244,259
32430,259
15288,259
25917,259
9210,259
27805,259
3117,259
15034,259
19285,259
9486,259
13047,259
11995,259
27555,259
31610,259
31146,259
31157,259
14113,259
15193,259
20977,259
30474,259
10557,259
26286,259
16040,259
25847,260
16135,260
8646,260
15572,260
1941,260
4620,260
14177,260
8516,260
3007,260
17442,260
17166,260
20026,260
6835,260
26369,260
10275,260
21564,260
18799,260
20362,260
33596,260
22554,260
26054,260
29104,260
4584,260
387,260
26000,260
6085,260
24584,260
25760,260
19133,260
1664,260
11904,261
31376,261
8473,261
199,261
6098,261
91,261
25496,261
22367,261
1548,261
21382,261
6926,261
30982,261
7916,261
20023,261
31909,261
8910,261
4710,261
17231,261
23177,261
33339,262
29426,262
17508,262
14944,262
8521,262
6882,262
2205,262
25580,262
19746,262
17868,262
31795,262
14155,262
3475,262
17455,262
4143,262
28862,262
15751,262
21560,262
17594,263
17709,263
3072,263
21568,263
21528,263
27713,263
945,263
33504,263
6818,263
20899,263
14468,263
2590,263
31492,263
13208,263
9528,263
13707,263
24079,263
9971,263
17544,263
24603,263
3946,263
30692,263
22403,263
40,263
11782,263
7859,263
17296,263
25158,263
16485,263
31129,263
8087,263
9976,263
16152,263
14461,263
26804,263
22950,264
9218,264
11212,264
13322,264
686,264
8234,264
4269,264
25018,264
24504,264
5243,264
3455,264
13383,264
29518,264
8736,264
28422,264
29381,264
27542,264
8532,264
28865,264
33060,264
26129,264
13945,264
5345,264
30773,264
28147,264
27178,264
22153,264
21701,264
23604,264
11472,264
13815,265
10208,265
3617,265
31944,265
7819,265
22957,265
18534,265
17122,265
16132,265
17857,265
1773,265
4855,265
5986,265
14683,265
13490,265
1341,265
19029,265
5207,265
11637,265
33245,266
14364,266
11287,266
20492,266
7102,266
13522,266
10664,266
5992,266
22375,266
32220,266
3956,266
24752,266
15606,266
31299,266
10398,266
30460,266
33720,266
28403,266
8720,266
14584,266
12952,266
21911,267
26423,267
26160,267
32281,267
5343,267
28733,267
27419,267
25617,267
22979,267
11890,267
15205,267
16108,267
22007,267
25426,267
6445,267
18641,267
23505,267
18591,267
728,267
31409,267
28550,267
2021,267
27880,267
2794,267
33711,267
5631,267
26222,268
27858,268
6510,268
22606,268
17258,268
20264,268
23462,268
16445,268
10278,268
23215,268
8894,268
3510,268
23080,268
8494,268
32535,268
31071,268
12367,268
31028,268
10405,268
15928,268
7979,268
21620,268
31740,268
246,268
32392,268
432,268
22082,268
24401,268
20664,268
26413,268
1472,268
19819,268
16447,268
8351,268
17229,269
19447,269
11726,269
19651,269
5296,269
23898,269
10789,269
10532,269
24956,269
23020,269
7699,269
17836,269
32344,269
11748,269
26873,269
24697,270
25343,270
1661,270
33092,270
22722,270
12062,270
9968,270
22139,270
14011,270
32783,270
12236,270
19359,270
23304,270
11899,270
2582,270
2512,270
20981,270
12131,270
1869,270
10809,271
2798,271
25600,271
27655,271
9417,271
14724,271
32859,271
17525,271
22087,271
2114,271
29786,271
13070,271
24201,271
6899,271
14930,271
12943,271
26229,271
28783,271
23272,271
18535,271
13907,271
28386,271
7767,271
29194,271
26500,271
14272,271
8975,272
17618,272
20088,272
21890,272
25148,272
24862,272
3858,272
4930,272
20493,272
2554,272
4445,272
24798,272
10865,272
32179,272
23741,272
3505,272
31763,272
32879,272
33623,272
25612,272
24352,273
14478,273
21303,273
18601,273
31930,273
18505,273
18557,273
13663,273
14623,273
13340,273
15361,273
24219,273
31344,273
30944,273
22401,273
32448,273
23233,273
17821,273
3899,273
16113,274
1600,274
12932,274
18037,274
29903,274
11404,274
1930,274
20702,274
13443,274
7272,274
5771,274
20208,274
31255,274
2437,274
24572,274
19731,274
20618,274
18562,274
30289,274
29743,274
3783,274
13145,274
27936,274
28123,274
25575,274
14125,274
17033,274
13008,274
32062,274
25334,274
10117,274
3351,274
19375,275
26331,275
32275,275
12886,275
9160,275
8333,275
26090,275
14719,275
16934,275
22747,275
2570,275
23849,275
14025,275
21026,275
21596,275
28313,275
548,275
21331,275
15162,275
21199,275
18377,275
15731,275
15471,275
32301,275
28374,275
20636,275
25865,275
17780,275
22302,275
1882,276
238,276
8375,276
24501,276
1926,276
5466,276
11977,276
18832,276
16222,276
1386,276
27162,276
26130,276
1480,276
8119,276
32103,276
20764,276
26880,276
16520,276
23779,276
20950,276
2369,276
17217,276
17920,277
10761,277
33737,277
26069,277
14290,277
10917,277
33180,277
7207,277
9679,277
7361,277
1481,277
22608,277
9533,277
14792,277
1623,277
15810,277
29106,277
21551,277
16068,277
2211,277
22856,277
23534,277
7380,277
10032,278
767,278
11440,278
12381,278
25830,278
29003,278
4726,278
18699,278
30256,278
3081,278
1698,278
25849,278
27863,278
27847,278
2198,278
4203,278
14673,278
12938,278
11113,278
29407,278
3367,278
8976,278
920,279
9705,279
23657,279
21883,279
3339,279
10851,279
10049,279
9253,279
771,279
23293,279
25537,279
17754,279
22502,279
10888,279
8940,279
31960,279
21291,279
26139,279
15195,279
14591,279
5160,279
17264,279
31635,279
31815,279
9169,279
18471,279
7348,279
17175,279
12556,279
21333,279
21595,279
6069,279
32991,279
31633,280
9130,280
16948,280
29482,280
7070,280
32664,280
31880,280
420,280
24941,280
1247,280
28740,280
18073,280
4461,280
5696,280
11746,280
4035,280
10121,280
2776,280
27285,280
30377,280
9316,280
2069,280
22752,280
19614,280
9686,280
6619,280
32307,280
24517,280
31272,281
1966,281
19593,281
9136,281
6420,281
30827,281
29281,281
26363,281
24047,281
27710,281
9806,281
19549,281
33654,281
24745,281
4399,281
26901,281
6655,281
16247,281
1853,281
6672,282
3118,282
24809,282
27804,282
24085,282
19810,282
20432,282
14481,282
27256,282
14857,282
14737,282
7870,282
5106,282
20058,282
34,282
17183,282
24877,282
20160,282
19544,282
15425,282
18654,282
20120,282
15543,282
25739,282
24197,282
33625,282
25970,283
30068,283
12123,283
310,283
6889,283
22460,283
10819,283
25921,283
24054,283
15357,283
28504,283
7105,283
16791,283
8606,283
31193,283
4271,283
3611,283
8678,283
3811,283
31351,283
4141,284
30772,284
31785,284
11188,284
8783,284
19952,284
24699,284
24377,284
8063,284
11597,284
23104,284
13502,284
6018,284
28269,284
20642,284
21027,284
3975,284
20894,284
11425,284
11029,284
13068,284
32178,284
30900,284
15739,284
6938,285
17342,285
14701,285
33359,285
1028,285
29506,285
5864,285
21826,285
7162,285
4701,285
24143,285
28046,285
8271,285
31574,286
16589,286
22744,286
29327,286
31991,286
23113,286
20183,286
33497,286
4484,286
23166,286
21918,286
2908,286
24681,286
31360,286
19927,286
32417,286
6246,286
26097,286
29737,286
5714,286
28912,286
11120,286
31051,286
27637,286
23930,286
31821,286
30014,286
1510,286
15552,286
16951,287
17644,287
3461,287
32892,287
4826,287
19396,287
1896,287
15061,287
31007,287
21338,287
4501,287
11618,287
31513,287
1809,287
27829,287
26125,287
3215,287
7083,287
21104,287
19292,287
13262,287
11741,287
20129,287
14551,287
26046,287
29133,287
811,287
16939,288
3697,288
11191,288
13410,288
31006,288
24211,288
22218,288
9404,288
24781,288
2465,288
30340,288
2532,288
21923,288
15071,288
16944,288
5085,288
8799,288
22504,288
6171,288
29177,288
27980,288
29247,288
12098,289
29267,289
24162,289
4615,289
16379,289
9176,289
17607,289
23258,289
18909,289
12208,289
32193,289
1326,289
317,289
30733,289
9173,289
20654,289
11574,289
9252,290
24260,290
26549,290
5401,290
3322,290
17067,290
2882,290
9975,290
7837,290
28254,290
3701,290
32468,290
18506,290
7640,290
12024,290
26741,290
17663,290
8777,290
33019,290
26506,290
18461,290
13411,290
26656,291
27646,291
20000,291
2820,291
30352,291
15036,291
18740,291
18528,291
14353,291
7168,291
2901,291
3158,291
14299,291
19020,291
25305,291
10212,291
23908,291
2078,291
18523,291
20607,291
16149,291
17587,291
5997,291
12707,291
22060,291
24347,292
3694,292
17795,292
15073,292
17927,292
22937,292
16456,292
30237,292
31680,292
9372,292
33432,292
18638,292
5615,292
27350,292
10011,292
18531,292
22805,292
12544,292
22295,292
11481,292
10903,293
5416,293
3464,293
11405,293
1385,293
32970,293
21444,293
12914,293
26512,293
17343,293
8388,293
7947,293
16469,293
22273,293
24605,293
21146,293
5815,293
15955,293
23564,293
14416,293
12391,293
12493,293
19088,293
27934,293
17683,293
22494,294
10530,294
20047,294
6052,294
19416,294
32761,294
28774,294
16958,294
20382,294
16941,294
19740,294
10573,294
20752,294
14094,294
6864,294
27294,294
17697,294
16103,294
10155,294
10192,294
23636,294
22373,294
1818,294
9889,294
8904,294
358,295
30529,295
16689,295
21396,295
14389,295
2525,295
31832,295
21741,295
32432,295
457,295
9609,295
19477,295
15567,295
5065,295
28530,295
5145,295
825,295
3746,295
27870,295
10634,295
19671,295
11981,295
911,295
26558,295
6988,295
30988,296
28146,296
7602,296
4960,296
16115,296
23056,296
29795,296
1959,296
6164,296
25008,296
29732,296
19426,296
27391,296
9075,296
4386,296
1945,296
21462,296
26533,296
28332,296
7460,297
26327,297
13814,297
7042,297
5641,297
23650,297
6591,297
24583,297
17684,297
16872,297
6496,297
22151,297
17316,297
14329,297
30723,297
10988,297
993,297
30378,297
17960,297
29173,297
4068,297
15577,298
29257,298
14775,298
27696,298
11441,298
10743,298
18714,298
25729,298
31994,298
12448,298
24882,298
4713,298
28883,298
13901,298
14280,298
1462,298
28589,298
27699,298
14167,298
3315,298
14904,298
8761,298
14658,298
8326,299
24619,299
16613,299
6757,299
28777,299
26669,299
30714,299
4641,299
11439,299
12969,299
726,299
20169,299
17610,299
